category,fact
Science,"Water is the only substance that exists as a solid, liquid, and gas on Earth."
Space,Venus is the hottest planet in our solar system.
History,The Great Wall of China is not visible from space with the naked eye.
Biology,Humans and bananas share about 60% of the same DNA.
Technology,The first email was sent by Ray Tomlinson to himself in 1971.
Geography,Russia is the largest country in the world by area.
Mathematics,A googol is the number 1 followed by 100 zeros.
Literature,The 'Harry Potter' books are the best-selling book series in history.
Sports,"The Olympic Games were originally held in Olympia, Greece."
Music,The Beatles hold the record for the most number-one hits on the Hot 100 chart.
Animals,Octopuses have three hearts and blue blood.
Cinema,The first color film was made in 1902.
Food,Honey is the only food that does not spoil.
Art,The Mona Lisa has no eyebrows.
Economics,"Bitcoin was the first decentralized cryptocurrency, created in 2009."
Physics,Light from the Sun takes approximately 8 minutes and 20 seconds to reach Earth.
Chemistry,"Diamond and graphite are both made of carbon, but have different atomic structures."
Medical,Penicillin was the first antibiotic discovered.
Environmental,More than 70% of Earth's surface is covered by water.
Psychology,The 'placebo effect' shows how the brain can affect physical health.
Linguistics,"There are about 7,000 languages spoken in the world today."
Astronomy,A day on Venus is longer than a year on Venus.
Entertainment,Walt Disney holds the record for the most Oscars won by an individual.
Political Science,"The shortest war in history was between Britain and Zanzibar on August 27, 1896."
Sociology,"Facebook is the largest social network, with over 2 billion active users."
Philosophy,Plato was a student of Socrates and the teacher of Aristotle.
Fashion,The modern bikini was invented by Louis Réard in 1946.
Architecture,The Burj Khalifa in Dubai is the tallest building in the world.
Travel,Bangkok is the most visited city in the world.
Gaming,The best-selling video game of all time is Minecraft.
Science,"The human body contains around 37.2 trillion cells."
Space,"Neptune winds are the fastest in the solar system, reaching speeds of 2,100 km/h."
History,"Julius Caesar was assassinated on the Ides of March, March 15, 44 BC."
Biology,"The axolotl can regenerate its limbs, heart, and even parts of its brain."
Technology,"The World Wide Web was invented by Tim Berners-Lee in 1989."
Geography,"The Amazon River discharges 5 times as much water as the Nile, the world's longest river."
Mathematics,"Zero was first used in India as a number and concept."
Literature,"'Don Quixote' by Miguel de Cervantes is considered the first modern novel."
Sports,"Michael Phelps is the most decorated Olympian of all time, with 28 medals."
Music,"Ludwig van Beethoven composed his most celebrated works after he became deaf."
Animals,"The blue whale is the largest animal ever known to have existed."
Cinema,"The first feature-length animated film is Disney's 'Snow White and the Seven Dwarfs'."
Food,"Saffron is the most expensive spice in the world by weight."
Art,"Vincent van Gogh sold only one painting during his lifetime."
Economics,"The Great Depression started in 1929 and was the worst economic downturn in the history of the industrialized world."
Physics,"Absolute zero, the lowest possible temperature, is -273.15°C."
Chemistry,"Oxygen is the most abundant element in the Earth's crust."
Medical,"The human brain contains approximately 86 billion neurons."
Environmental,"The Amazon Rainforest is often referred to as the 'lungs of the Earth'."
Psychology,"Dreams are believed to play a role in memory, problem-solving, and emotional processing."
Linguistics,"The Rosetta Stone was key to deciphering Egyptian hieroglyphs."
Astronomy,"A 'supermoon' appears larger and brighter because it's closer to Earth than usual."
Entertainment,"The first Academy Awards ceremony was held in 1929."
Political Science,"The concept of democracy is credited to the ancient Greeks."
Sociology,"The term 'society' derives from the Latin word 'societas', which means 'companionship'."
Philosophy,"'Cogito, ergo sum' (I think, therefore I am) is a philosophical statement by René Descartes."
Fashion,"The little black dress was popularized by Coco Chanel."
Architecture,"The Leaning Tower of Pisa's tilt was caused by an inadequate foundation on ground too soft."
Travel,"The Trans-Siberian Railway is the longest railway line in the world, spanning over 9,289 kilometers."
Gaming,"Tetris was created by Russian game designer Alexey Pajitnov in 1984."
Science,"The speed of light in a vacuum is exactly 299,792,458 meters per second."
Space,"Jupiter has the most moons of any planet in our solar system, with 79 confirmed."
History,"The Code of Hammurabi is one of the oldest deciphered writings of significant length in the world."
Biology,"The cheetah is the fastest land animal, capable of running up to 75 mph (120 km/h) in short bursts covering distances up to 1,500 ft (460 m)."
Technology,"The first programmable computer, the Z3, was invented by Konrad Zuse in 1941."
Geography,"Lake Baikal in Siberia is the world's deepest and oldest freshwater lake."
Mathematics,"Pi (π) is an irrational number, meaning it cannot be expressed exactly as a fraction."
Literature,"The Epic of Gilgamesh is among the earliest known works of literary writing."
Sports,"The New York Yankees have won 27 World Series titles, more than any other Major League Baseball team."
Music,"Mozart composed over 600 works during his short life of 35 years."
Animals,"Honeybees communicate through a dance known as the 'waggle dance' to share information about the location of food sources."
Cinema,"'Avatar', directed by James Cameron, is one of the highest-grossing films of all time."
Food,"The largest recorded pizza in the world was 1,261.65 square meters."
Art,"The Louvre in Paris is the world's largest art museum and a historic monument in France."
Economics,"Inflation is the rate at which the general level of prices for goods and services is rising."
Physics,"A black hole is a region of spacetime where gravity is so strong that nothing—no particles or even electromagnetic radiation such as light—can escape from it."
Chemistry,"Water is a universal solvent because it dissolves more substances than any other liquid."
Medical,"Edward Jenner pioneered the smallpox vaccine in 1796, which led to the disease's eradication."
Environmental,"Coral reefs are some of the most biodiverse ecosystems on the planet, supporting thousands of marine species."
Psychology,"Maslow's hierarchy of needs is a theory in psychology proposed by Abraham Maslow in his 1943 paper 'A Theory of Human Motivation'."
Linguistics,"Papua New Guinea has the highest linguistic diversity in the world, with over 850 languages spoken."
Astronomy,"The Milky Way galaxy is estimated to contain 100-400 billion stars."
Entertainment,"The longest-running Broadway show is 'The Phantom of the Opera'."
Political Science,"Magna Carta, signed in 1215, is considered one of the first steps towards parliamentary democracy."
Sociology,"The concept of 'social identity' explains how people's understanding of who they are is based on their group membership."
Philosophy,"Existentialism is a philosophy that emphasizes individual freedom, choice, and responsibility."
Fashion,"The first fashion magazine was published in Germany in 1586."
Architecture,"The Eiffel Tower was originally intended to be dismantled after 20 years but was saved because it proved valuable for communication purposes."
Travel,"The island of Palau is known for its underwater wonderland, making it a popular spot for divers."
Gaming,"The original 'Doom' game, released in 1993, is considered one of the most significant and influential titles in video game history."
Science,"Photosynthesis in plants generally involves the green pigment chlorophyll and generates oxygen as a byproduct."
Space,"The rings of Saturn are made up of ice particles, rock debris, and dust."
History,"The first successful printing press was invented by Johannes Gutenberg in the 15th century."
Biology,"Koalas have fingerprints that are so similar to humans' that they can contaminate crime scenes."
Technology,"The QR code system was invented in Japan by the company Denso Wave in 1994 to track vehicles during manufacturing."
Geography,"Mount Everest grows about 4 mm higher every year due to tectonic movements."
Mathematics,"Fibonacci numbers are a sequence where each number is the sum of the two preceding ones, often associated with the 'golden ratio'."
Literature,"The longest novel ever written is 'In Search of Lost Time' by Marcel Proust."
Sports,"FIFA, the international governing body of football, was founded in Paris in 1904."
Music,"The world's largest grand piano was built by Adrian Mann, a New Zealander, and is over 18 feet long."
Animals,"The immortal jellyfish (Turritopsis dohrnii) can revert back to its juvenile form after reaching maturity."
Cinema,"'Gone with the Wind' (1939) holds the record for the highest inflation-adjusted box office gross."
Food,"Chocolate was once used as currency by the Aztecs."
Art,"Pablo Picasso is credited with the creation of Cubism, an early 20th-century avant-garde art movement."
Economics,"The term 'bull market' refers to a financial market of a group of securities in which prices are rising or are expected to rise."
Physics,"Quantum entanglement is a phenomenon where particles become interconnected and the state of one (speed, position, etc.) can depend on the state of another, even when separated by a large distance."
Chemistry,"The periodic table currently has 118 confirmed elements."
Medical,"The first human heart transplant was performed by Dr. Christiaan Barnard in South Africa in 1967."
Environmental,"Deforestation in the Amazon Rainforest is a major concern due to its impact on global climate change."
Psychology,"The Stanford prison experiment conducted in 1971 by Philip Zimbardo explored the psychological effects of perceived power."
Linguistics,"The 'Sapir-Whorf Hypothesis' suggests that the structure of a language affects its speakers' world view or cognition."
Astronomy,"The Andromeda Galaxy is the closest spiral galaxy to our Milky Way and is on a collision course with it."
Entertainment,"The first televised Oscars ceremony was in 1953."
Political Science,"The Treaty of Westphalia in 1648 ended the Thirty Years' War and is considered the beginning of the modern state system."
Sociology,"'McDonaldization' is a term used by sociologist George Ritzer to describe a societal shift towards efficiency, predictability, calculability, and control."
Philosophy,"'The Allegory of the Cave' is a theory put forward by Plato concerning human perception."
Fashion,"Ray-Ban created the iconic Aviator sunglasses for pilots in 1936."
Architecture,"Sydney Opera House's design was inspired by the sails of ships."
Travel,"The city of Timbuktu in Mali was a historical and intellectual center during the 15th and 16th centuries."
Gaming,"'League of Legends' has been one of the world's most played video games since its release in 2009, with tournaments watched by millions of fans."
Science,"Antibiotics are only effective against bacteria, not viruses."
Space,"Mars has the largest dust storms in the solar system, which can cover the entire planet."
History,"The Library of Alexandria was one of the largest and most significant libraries of the ancient world."
Biology,"Sharks are older than trees; shark species have been around for more than 400 million years."
Technology,"Blockchain technology is the backbone of cryptocurrencies, allowing digital information to be distributed but not copied."
Geography,"The Dead Sea is the lowest point on Earth's surface on dry land."
Mathematics,"Euler's identity,
�
�
�
+
1
=
0
e
iπ
 +1=0, is often cited as an example of mathematical beauty."
Literature,"Shakespeare's works are credited with introducing over 1,700 words to the English language."
Sports,"The longest tennis match in history lasted 11 hours and 5 minutes, played over three days at Wimbledon in 2010."
Music,"Beethoven's Symphony No. 9 was the first major symphony to incorporate vocal soloists and a chorus in the final movement."
Animals,"The Argentine Lake Duck has the longest penis of any bird, measuring as much as 17 inches."
Cinema,"The first film to ever receive an X rating was the 1968 film 'Greetings'."
Food,"The durian fruit is known as the 'king of fruits' and is famous for its strong odor."
Art,"The color wheel was invented by Isaac Newton in 1666 during his experiments with prisms."
Economics,"Adam Smith is often known as the father of economics for his works on capitalism, most notably 'The Wealth of Nations'."
Physics,"Schrodinger's cat is a thought experiment that illustrates the principle of superposition in quantum mechanics."
Chemistry,"The only letter not in the periodic table is J."
Medical,"The placebo effect is a beneficial effect produced by a placebo drug or treatment, which cannot be attributed to the properties of the placebo itself."
Environmental,"The Great Barrier Reef is the world's largest coral reef system and can be seen from space."
Psychology,"Freud's theory of the unconscious mind revolutionized how we understand human behavior and mental processes."
Linguistics,"Noam Chomsky's theory of Universal Grammar suggests that the ability to acquire language is innate to humans."
Astronomy,"A light-year is the distance light travels in one Earth year, about 9.461 trillion kilometers."
Entertainment,"The first color broadcast of the Tournament of Roses Parade in 1954 is considered the official birth of widespread color television."
Political Science,"The concept of the 'social contract' suggests that people live together in society in accordance with an agreement that establishes moral and political rules of behavior."
Sociology,"The bystander effect is a social psychological claim that individuals are less likely to offer help to a victim when other people are present."
Philosophy,"Nietzsche's assertion 'God is dead' refers to the erosion of traditional religious and metaphysical convictions in the modern world."
Fashion,"The first high-heeled shoes were worn by Persian soldiers to ensure stability while shooting arrows from horseback."
Architecture,"The Guggenheim Museum in New York, designed by Frank Lloyd Wright, is one of the 20th century's most important architectural landmarks."
Travel,"Machu Picchu in Peru was voted one of the New Seven Wonders of the World in a worldwide Internet poll."
Gaming,"Super Mario Bros., released in 1985, is one of the best-selling video games of all time, shaping the platformer genre."
Science,"Helium is the only element that was first discovered in the Sun before it was found on Earth."
Space,"A day on Mercury lasts longer than a year on Mercury."
History,"The first known use of the term 'America' dates back to a 1507 map by cartographer Martin Waldseemüller."
Biology,"Some species of turtles can breathe through their butts."
Technology,"The first computer virus was created in 1983 and was called the 'Elk Cloner'."
Geography,"Iceland is growing about 2 cm per year due to tectonic plates moving apart."
Mathematics,"A 'perfect number' is a positive integer that is equal to the sum of its proper divisors, excluding itself. For example, 28 (1+2+4+7+14=28)."
Literature,"'Alice's Adventures in Wonderland' by Lewis Carroll was inspired by a real 10-year-old girl named Alice Liddell."
Sports,"The highest golf course in the world is the Tactu Golf Club in Morococha, Peru, sitting at 14,335 feet above sea level."
Music,"The world's largest functioning violin is over 14 feet tall and was built by master luthier Markneukirchen in Germany."
Animals,"Elephants are the only animals that can't jump."
Cinema,"The longest movie ever made is 'The Cure for Insomnia', lasting 85 hours."
Food,"Peppers' spiciness is measured in Scoville Heat Units (SHU)."
Art,"The first known use of oil painting was by Afghan Buddhist monks in the 7th century."
Economics,"The 'invisible hand', a term coined by Adam Smith, describes the self-regulating behavior of the marketplace."
Physics,"The concept of antimatter was first proposed by Paul Dirac in 1928."
Chemistry,"A 'mole' is a unit in chemistry that represents about 6.022 x 10^23 particles of a substance."
Medical,"The discovery of the structure of DNA in 1953 by Watson and Crick marked a major milestone in understanding genetic information."
Environmental,"More than 80% of the Earth's ocean is unmapped, unobserved, and unexplored."
Psychology,"Cognitive dissonance is the mental discomfort experienced by a person who holds two or more contradictory beliefs, ideas, or values at the same time."
Linguistics,"The word 'set' has the highest number of different meanings in the English language."
Astronomy,"The largest volcano in the solar system is Olympus Mons on Mars, nearly three times the height of Mount Everest."
Entertainment,"The first reality TV show is considered to be 'An American Family', which aired in 1973."
Political Science,"The Treaty of Versailles, signed in 1919, officially ended World War I."
Sociology,"The Hawthorne effect is the alteration of behavior by the subjects of a study due to their awareness of being observed."
Philosophy,"The 'veil of ignorance' is a method of determining the morality of issues proposed by John Rawls."
Fashion,"The miniskirt was first designed by Mary Quant in the 1960s and became an emblem of the youth fashion revolution."
Architecture,"The Hanging Gardens of Babylon, one of the Seven Wonders of the Ancient World, remain the only wonder whose location has not been definitively established."
Travel,"The 'Pole of Inaccessibility' is the point furthest from any ocean, located in China near the Kazakhstan border."
Gaming,"The concept of virtual reality (VR) gaming has been around since the 1960s, but it only became widely accessible in the 21st century."
Science,"Every second, the Sun converts 4 million tons of mass into energy."
Space,"Uranus rotates on its side, making its axial tilt over 97 degrees."
History,"The Rosetta Stone was key in deciphering Egyptian hieroglyphics, leading to a breakthrough in understanding ancient Egyptian culture."
Biology,"The Pacific Giant Octopus is the largest known octopus species, with an arm span of up to 30 feet."
Technology,"The first digital computer, ENIAC (Electronic Numerical Integrator and Computer), weighed over 30 tons and used 18,000 vacuum tubes."
Geography,"Lake Titicaca, located in the Andes on the border of Peru and Bolivia, is the highest navigable lake in the world."
Mathematics,"Benford's Law predicts that in many naturally occurring collections of numbers, the leading digit is likely to be small. For instance, the number 1 appears as the leading significant digit about 30% of the time."
Literature,"The first book ever printed using movable type was the Gutenberg Bible in the 1450s."
Sports,"Nadia Comaneci was the first gymnast to score a perfect 10 in the Olympics, achieving this feat at the 1976 Montreal Olympics."
Music,"The theremin is one of the first electronic musical instruments, played without physical contact by the performer."
Animals,"The box jellyfish is considered one of the most venomous marine creatures, with toxins that can cause heart failure."
Cinema,"'Psycho' by Alfred Hitchcock was the first American film to show a toilet flushing on screen."
Food,"The largest item on any menu in the world is the camel, which is sometimes stuffed with sheep, chickens, fish, and eggs, a dish traditionally served at Bedouin wedding feasts."
Art,"The Sistine Chapel's ceiling, painted by Michelangelo, took approximately 4 years to complete, from 1508 to 1512."
Economics,"The stock market crash of 1929, also known as Black Tuesday, marked the beginning of the Great Depression."
Physics,"Entire galaxies can act as gravitational lenses, bending the path of light passing near them in a phenomenon predicted by Einstein's theory of general relativity."
Chemistry,"Helium was first discovered on the Sun before it was found on Earth, during a solar eclipse in 1868."
Medical,"Jonas Salk developed the first successful polio vaccine in the 1950s."
Environmental,"The Great Pacific Garbage Patch is a collection of marine debris in the North Pacific Ocean, largely consisting of plastics."
Psychology,"Mirror neurons are believed to play a critical role in how we understand the actions of others and learn new skills by imitation."
Linguistics,"The concept of 'linguistic relativity' suggests that the structure of a language influences its speakers' world view or cognition."
Astronomy,"Neutron stars are so dense that a sugar-cube-sized amount of material from one would weigh about as much as all of humanity."
Entertainment,"The longest-running scripted TV show in history is 'The Simpsons', which has been on air since 1989."
Political Science,"The concept of 'soft power' was introduced by Joseph Nye to describe the ability to influence and attract others through culture and political values rather than coercion or payment."
Sociology,"'Global village' is a term coined by Marshall McLuhan, describing how the world has been contracted into a village by electric technology and the instantaneous movement of information from every quarter to every point at the same time."
Philosophy,"Zeno's paradoxes, particularly the paradox of Achilles and the tortoise, challenge the notions of time and motion."
Fashion,"Levi Strauss and Jacob Davis received a patent in 1873 for the invention of the first blue jeans with copper rivets."
Architecture,"The Lotus Temple in New Delhi is notable for its flowerlike shape and has won numerous architectural awards."
Travel,"Venice is built on 118 small islands that are separated by canals and linked by over 400 bridges."
Gaming,"The first video game, 'Pong', was created by Nolan Bushnell and Ted Dabney in 1972, kickstarting the arcade video game industry."
Science,"Black holes can spin at nearly the speed of light, creating intense gravitational forces."
Space,"The Oort Cloud, surrounding our solar system, is thought to be the source of long-period comets."
History,"The Silk Road was an ancient network of trade routes that connected the East and West of the classical world."
Biology,"The Turritopsis dohrnii jellyfish is known as the 'immortal jellyfish' because it can revert back to its juvenile polyp stage after reaching maturity."
Technology,"Wi-Fi technology was partly developed by an invention from the 1940s that was intended for radar use, credited to actress Hedy Lamarr and composer George Antheil."
Geography,"The Sahara Desert is roughly the same size as the United States, making it the largest hot desert in the world."
Mathematics,"The Monty Hall Problem is a famous statistical puzzle that demonstrates a counterintuitive fact about probability and choice."
Literature,"'Moby-Dick' by Herman Melville was initially a commercial failure but is now considered a masterpiece of American literature."
Sports,"The original Olympic Games in ancient Greece were held every four years, a period known as an Olympiad."
Music,"The world's longest music performance is taking place in Halberstadt, Germany, and is scheduled to last for 639 years, ending in 2640."
Animals,"Sloths move so slowly that algae can grow on their fur, which can act as camouflage."
Cinema,"Walt Disney was awarded a special Oscar for 'Snow White and the Seven Dwarfs', which included one full-sized statuette and seven miniature ones."
Food,"Casu marzu is a Sardinian cheese that contains live insect larvae. It's considered a delicacy."
Art,"Leonardo da Vinci's 'The Last Supper' has survived two World War bombings and several restoration attempts."
Economics,"Hyperinflation in Zimbabwe reached such extreme levels that 100 trillion Zimbabwean dollar banknotes were issued."
Physics,"The concept of dark matter was introduced to explain why galaxies do not seem to obey the known laws of physics."
Chemistry,"Buckminsterfullerene, or 'buckyballs', are molecules composed entirely of carbon, in the form of a hollow sphere, ellipsoid, or tube."
Medical,"The discovery of the CRISPR-Cas9 gene editing technology has revolutionized the field of genetic engineering."
Environmental,"The Chernobyl disaster in 1986 is considered the worst nuclear power plant accident in history, both in cost and casualties."
Psychology,"The Dunning-Kruger effect is a cognitive bias wherein people with limited knowledge or competence in a domain overestimate their own ability."
Linguistics,"The Pirahã language, spoken by a small indigenous group in the Amazon, is famous for having no fixed terms for colors and no concept of counting."
Astronomy,"The 'Pillars of Creation' are part of the Eagle Nebula and are so named for their tall, pillar-like structures made of interstellar gas and dust."
Entertainment,"The first feature-length animated movie ever made, pre-dating Disney, was 'El Apóstol' from Argentina in 1917."
Political Science,"The Peace of Westphalia in 1648 ended the Thirty Years' War in Europe and is often cited as the beginning of the modern state system."
Sociology,"The concept of 'McDonaldization' describes the process by which the principles of the fast-food restaurant are coming to dominate more sectors of society."
Philosophy,"Søren Kierkegaard is considered the father of existentialism, emphasizing individual freedom and choice."
Fashion,"The first fashion magazine is thought to have been 'Le Mercure Galant', published in France in 1672."
Architecture,"Fallingwater, designed by Frank Lloyd Wright in 1935, is one of the most famous examples of architecture that is harmonious with its natural surroundings."
Travel,"The Trans-Siberian Railway connects Moscow with the Russian Far East and is the longest railway line in the world."
Gaming,"'Spacewar!' is one of the earliest known digital computer games, developed in 1962 at MIT."
Science,"The human eye can distinguish about 10 million different colors."
Space,"Voyager 1 is the first human-made object to leave our solar system, entering interstellar space in 2012."
History,"The oldest known musical instruments are flutes made from bird bone and mammoth ivory, found in a cave in Germany and dated to about 35,000 years ago."
Biology,"Some species of deep-sea fish can live in environments with pressures over 800 times that at sea level."
Technology,"3D printing technology has been used to create everything from prosthetic limbs to entire houses."
Geography,"The Mariana Trench is the deepest part of the world's oceans, and its deepest point, the Challenger Deep, is about 36,070 feet (nearly 11,000 meters) deep."
Mathematics,"Zero was not treated as a number by Europeans until the 12th century, after being introduced to them by Arabic mathematicians."
Literature,"The first novel ever written on a typewriter was 'The Adventures of Tom Sawyer' by Mark Twain."
Sports,"In 1912, Olympic pentathletes competed in five events: pistol shooting, fencing, swimming, horseback riding, and running."
Music,"The first opera in history was 'Dafne' composed by Jacopo Peri in the late 16th century in Italy."
Animals,"The mantis shrimp has the world's fastest punch, traveling at about 50 miles per hour."
Cinema,"The first public movie theater, called a Nickelodeon, opened in Pittsburgh in 1905."
Food,"The first recorded recipe was written on a Sumerian tablet in 1750 BC."
Art,"The oldest known cave paintings are over 40,000 years old, found in the Cave of El Castillo in Spain."
Economics,"The Tulip Mania of the 1630s is often considered the first recorded speculative bubble."
Physics,"Absolute zero, the lowest possible temperature where nothing could be colder and no heat energy remains in a substance, is 0 Kelvin, or -273.15°C."
Chemistry,"The heaviest naturally occurring element is Uranium, with an atomic number of 92."
Medical,"The concept of quarantine began in the 14th century in an effort to protect coastal cities from plague epidemics."
Environmental,"Bioluminescence is the production and emission of light by a living organism, commonly seen in deep sea creatures."
Psychology,"B.F. Skinner's experiments with pigeons showed that behaviors could be taught using reinforcement, a concept known as operant conditioning."
Linguistics,"The longest word in the Oxford English Dictionary is 'pneumonoultramicroscopicsilicovolcanoconiosis', a type of lung disease."
Astronomy,"The largest known star, UY Scuti, is about 1,700 times larger than the sun."
Entertainment,"The first color TV broadcast took place in 1954 during the Tournament of Roses Parade."
Political Science,"Jean-Jacques Rousseau's 'The Social Contract' argued that government's legitimacy comes from the consent of the governed."
Sociology,"The concept of the 'self-fulfilling prophecy' shows how belief and behavior can influence outcomes to align with predictions."
Philosophy,"The 'Allegory of the Cave' is Plato's philosophical argument that real knowledge comes not from sensory experience but from philosophical reasoning."
Fashion,"The first documented instance of high heels comes from the 10th century Persia, used by soldiers to help secure their feet in stirrups."
Architecture,"The world's first skyscraper, the Home Insurance Building, was built in Chicago in 1885 and was 10 stories tall."
Travel,"The concept of time zones was proposed by Sir Sandford Fleming in the late 19th century to standardize time across the world."
Gaming,"The first commercial home video game console was the Magnavox Odyssey, released in 1972."
Science,"The only place in the universe where we know life exists is on Earth, making it uniquely significant in the vast cosmos."
Space,"Saturn isn't the only ringed planet in our solar system; Jupiter, Uranus, and Neptune also have rings, though less prominent."
History,"The first known democracy in the world was established in Athens, Greece, around 508-507 BC."
Biology,"The axolotl, a type of salamander, has the remarkable ability to regenerate not just its tail but also limbs, heart, and even parts of its brain after injury."
Technology,"The Internet originated from a U.S. Department of Defense project called ARPANET in the 1960s, intended to create a network that could survive significant outages."
Geography,"Canada has the longest coastline of any country in the world, stretching over 202,080 kilometers (125,567 miles)."
Mathematics,"The Mandelbrot Set, named after mathematician Benoit Mandelbrot, is a famous example of a fractal in mathematics, displaying an infinitely complex structure that repeats at every scale."
Literature,"The 'Epic of Gilgamesh', written in ancient Mesopotamia, is one of the earliest known works of literary fiction, dating back to approximately 2100 BC."
Sports,"The modern Olympic Games were revived in 1896 in Athens, Greece, inspired by the ancient Olympic Games held in Olympia."
Music,"A Stradivarius violin, made by members of the Stradivari family, especially Antonio Stradivari, during the 17th and 18th centuries, is one of the most valuable and sought-after musical instruments."
Animals,"The Peregrine Falcon is the fastest bird, reaching speeds over 240 miles per hour during its hunting stoop (high-speed dive)."
Cinema,"The first known feature film made was the Australian film 'The Story of the Kelly Gang' in 1906."
Food,"Tomatoes were once believed to be poisonous in Europe until the 18th century due to their belonging to the nightshade family."
Art,"The oldest known prehistoric art, the Chauvet Cave paintings in France, are estimated to be about 32,000 years old."
Economics,"'Cryptocurrency' is a digital or virtual currency that uses cryptography for security, with Bitcoin being the first and most well-known example, created in 2009."
Physics,"Quantum mechanics challenges classical physics with principles like superposition and entanglement, suggesting particles can exist in multiple states at once and instantaneously affect each other, regardless of distance."
Chemistry,"The periodic table was created by Dmitri Mendeleev in 1869, organizing chemical elements by their atomic number, electron configurations, and recurring properties."
Medical,"The Human Genome Project, completed in 2003, mapped and sequenced the entire human genome, consisting of over 3 billion DNA base pairs."
Environmental,"Climate change, caused by human activities, is leading to global warming and shifting weather patterns, affecting ecosystems, sea levels, and biodiversity worldwide."
Psychology,"'Cognitive dissonance' is a psychological concept introduced by Leon Festinger in 1957, describing the mental discomfort experienced when holding conflicting beliefs, attitudes, or values."
Linguistics,"Pidgin languages are simplified means of linguistic communication, developed between two or more groups that do not have a language in common."
Astronomy,"There are an estimated 100 billion to 200 billion galaxies in the observable universe."
Entertainment,"The Grammy Awards were established in 1959 by the Recording Academy to recognize achievements in the music industry."
Political Science,"The 'Iron Curtain' was a term used by Winston Churchill in 1946 to describe the division between Western powers and the area controlled by the Soviet Union in Europe."
Sociology,"'Social mobility' refers to the ability to move within the social hierarchy, which can be influenced by factors such as education, income, and wealth."
Philosophy,"Stoicism, founded in Athens by Zeno of Citium in the early 3rd century BC, teaches the development of self-control and fortitude as a means of overcoming destructive emotions."
Fashion,"The little black dress, popularized by Coco Chanel in the 1920s, became a staple of versatility, affordable luxury, and enduring style."
Architecture,"Brutalism is an architectural style that emerged in the 1950s, characterized by minimalist constructions that showcase the bare building materials and structural elements over decorative design."
Travel,"The Silk Road was an ancient network of trade routes that for centuries facilitated the exchange of goods and cultural ideas across Asia, reaching from the Korean peninsula and Japan to the Mediterranean Sea."
Gaming,"'Pac-Man', released in 1980, became one of the most iconic video games of all time, influencing pop culture and the gaming industry for decades.
Science,"Venom from the Brazilian wandering spider can cause priapism in humans, leading to potential medical applications."
Space,"The ice geysers on Saturn's moon Enceladus shoot water vapor and ice particles into space, suggesting an underground ocean."
History,"Cleopatra VII, the last active ruler of the Ptolemaic Kingdom of Egypt, was actually Greek, not Egyptian."
Biology,"The giant sequoia tree, known for its immense size, has a very shallow root system, with no taproots."
Technology,"The first wearable computer was a roulette-predicting device created by Edward O. Thorp and Claude Shannon in the 1960s."
Geography,"Vatican City is the smallest country in the world, encompassing just over 100 acres."
Mathematics,"'Imaginary numbers' were once thought to be impossible, and are now fundamental in describing the physical world, especially in electronics and signal processing."
Literature,"The 'Voynich Manuscript' is an illustrated codex hand-written in an unknown writing system, carbon-dated to the early 15th century."
Sports,"The first Paralympic Games were held in Rome in 1960, featuring 400 athletes from 23 countries."
Music,"The 'Amen Break', a six-second drum break, is one of the most sampled loops in music history, originating from the song 'Amen, Brother' by The Winstons."
Animals,"The platypus is one of the few mammals that lay eggs instead of giving birth to live young."
Cinema,"The term 'blockbuster' originally referred to a type of bomb during WWII, before becoming associated with highly successful movies."
Food,"MSG (Monosodium Glutamate) is a flavor enhancer that's actually naturally present in foods like tomatoes and cheese."
Art,"Banksy, an England-based street artist, remains anonymous, despite his worldwide fame."
Economics,"Microfinance is a type of banking service provided to unemployed or low-income individuals or groups who have no other access to financial services."
Physics,"The double-slit experiment demonstrates that light and matter can display characteristics of both classically defined waves and particles."
Chemistry,"The hottest chili pepper in the world, according to the Scoville scale, is the Carolina Reaper."
Medical,"The use of leeches in medical treatment, known as hirudotherapy, can improve blood circulation and prevent tissue death."
Environmental,"The concept of 'Earth Overshoot Day' marks the date when humanity's demand for ecological resources and services exceeds what Earth can regenerate in that year."
Psychology,"The 'Stanford marshmallow experiment' studied delayed gratification in children and its impact on success later in life."
Linguistics,"The whistled language of Silbo Gomero on the Canary Islands is used to communicate across the deep valleys and ravines."
Astronomy,"The first confirmed exoplanet was discovered in 1992, orbiting a pulsar."
Entertainment,"The longest-running Broadway musical is 'The Phantom of the Opera', which opened in 1988."
Political Science,"The 'Butterfly Effect' in chaos theory was popularized by Edward Lorenz, demonstrating how small changes in a deterministic nonlinear system can lead to large differences in a later state."
Sociology,"'Cultural lag' refers to the period of maladjustment when the non-material culture is struggling to adapt to new material conditions."
Philosophy,"The 'Trolley Problem' is a thought experiment in ethics and psychology, exploring the dilemma of killing one person to save many others."
Fashion,"The first recorded use of a wedding dress is from 1406, worn by Princess Philippa of England at her wedding to Eric of Pomerania."
Architecture,"The concept of sustainable architecture seeks to minimize the negative environmental impact of buildings by efficiency and moderation in the use of materials, energy, and development space."
Travel,"The 'Door to Hell' is a natural gas field in Derweze, Turkmenistan, that has been burning continuously since it was lit by Soviet petrochemical scientists in 1971."
Gaming,"The original concept of 'Nintendo' was a playing card company founded in 1889 before evolving into one of the largest video game companies in the world."
Science,"The mantis shrimp has one of the most complex visual systems known to science, capable of seeing both polarized light and multispectral images."
Space,"Ganymede, a moon of Jupiter, is the largest moon in the solar system and is even larger than the planet Mercury."
History,"The 'Antikythera mechanism', discovered in an ancient shipwreck near Greece, is an ancient Greek analog computer used to predict astronomical positions and eclipses."
Biology,"The Greenland shark is one of the Earth's longest-living animals, with some individuals estimated to be over 400 years old."
Technology,"The first patent for a system that recognized human speech was filed in 1952 by Audrey and Belmont Farley."
Geography,"The Amazon Rainforest, often referred to as the 'lungs of the Earth', produces approximately 20% of the world's oxygen."
Mathematics,"The concept of zero as a number was first used in India around the 5th century."
Literature,"The longest single-volume book in the world is 'In Search of Lost Time' by Marcel Proust, containing about 1.2 million words."
Sports,"Korfball is a mixed gender team sport that originated in the Netherlands, with similarities to netball and basketball."
Music,"The oldest known musical composition to have survived in its entirety is the 'Hurrian Hymn No. 6', written around 1400 BC."
Animals,"The Arctic Tern has the longest migration of any animal in the world, traveling about 71,000 kilometers (44,000 miles) annually from its Arctic breeding grounds to the Antarctic and back."
Cinema,"The first ever color film was 'A Visit to the Seaside', which was made in 1908 and used the Kinemacolor process."
Food,"The first chocolate bar was manufactured in England by J.S. Fry & Sons in 1847."
Art,"The 'Night Watch' by Rembrandt, one of the most famous paintings in the world, is actually much larger than originally displayed, as its edges were trimmed in 1715 to fit between two doors in Amsterdam's City Hall."
Economics,"The concept of 'fiat money', which is money without intrinsic value that is used as money because of government decree, has been in use since the 11th century in China."
Physics,"Schwarzschild black holes, theoretical black holes where the gravity is so strong that nothing, not even light, can escape, were first proposed by Karl Schwarzschild in 1916."
Chemistry,"The smell of rain on dry earth, or 'petrichor', is caused by an oil produced by plants, then absorbed by rocks and soil, and later released into the air during rainfall."
Medical,"The first successful organ transplant was a kidney transplant performed in 1954 between identical twins."
Environmental,"Only about 2.5% of the Earth's water is freshwater, and more than two-thirds of that is frozen in glaciers and ice caps."
Psychology,"The phenomenon of 'phantom limb' occurs in up to 80% of amputees, where they feel sensations or even pain in the limb that has been amputated."
Linguistics,"The Pirahã language, spoken by a small tribe in the Amazon, has no fixed words for colors, instead describing them by comparison to natural objects."
Astronomy,"The universe is thought to be about 13.8 billion years old, based on observations of the cosmic microwave background radiation."
Entertainment,"The longest-running television show in the world is 'Guiding Light', an American soap opera that aired from 1937 until 2009."
Political Science,"The 'domino theory' was a Cold War policy that suggested a communist government in one nation would quickly lead to communist takeovers in neighboring states."
Sociology,"The concept of 'social proof', a psychological phenomenon where people copy the actions of others in an attempt to undertake behavior in a given situation, is influential in shaping social behaviors."
Philosophy,"'Solipsism' is the philosophical idea that only one's own mind is sure to exist, and that knowledge outside one's own mind is unsure."
Fashion,"The modern zipper was invented by Gideon Sundback in 1913, revolutionizing the clothing industry."
Architecture,"The International Space Station (ISS) is one of the most significant architectural achievements, being the largest human-made structure in space."
Travel,"The Trans-Siberian Railway is not only the longest railway in the world but also a vital link for trade between Russia and the rest of the world."
Gaming,"'Dungeons & Dragons', created in 1974, is credited with originating the tabletop role-playing game genre and has influenced a vast array of video games and other entertainment mediums."
Science,"Fungi are more closely related to animals than to plants in the evolutionary tree."
Space,"The surface of Venus is so hot that it can melt lead, with temperatures reaching up to 470°C (878°F)."
History,"The Code of Hammurabi is one of the oldest deciphered writings of significant length in the world, dating back to about 1754 BC."
Biology,"The immortal jellyfish (Turritopsis dohrnii) can revert to its polyp stage after becoming sexually mature, potentially giving it biologically immortal behavior."
Technology,"The first known use of the word 'computer' was in a 1613 book called 'The Yong Mans Gleanings' by English writer Richard Braithwait: "I haue read the truest computer of Times, and the best Arithmetician that euer breathed, and he reduceth thy dayes into a short number.""
Geography,"Lake Baikal in Siberia is the deepest and oldest freshwater lake in the world, containing around 20% of the world's unfrozen freshwater reserve."
Mathematics,"The Fibonacci sequence appears in biological settings, such as branching in trees, the arrangement of leaves on a stem, the fruit sprouts of a pineapple, the flowering of an artichoke, and the arrangement of a pine cone's bracts."
Literature,"J.R.R. Tolkien created an entire language for the Elves in his 'Lord of the Rings' and 'The Hobbit' series."
Sports,"Major League Baseball's longest game by innings was played in 1984 between the Milwaukee Brewers and the Chicago White Sox, lasting 25 innings."
Music,"The first recorded instance of music designed specifically for cinema was for the 1908 French film 'L'Assassinat du Duc de Guise' (The Assassination of the Duke of Guise)."
Animals,"The blue whale is the largest animal ever to have lived on Earth, with the largest recorded specimen being 33 meters (108 feet) long and weighing 190 tonnes."
Cinema,"The first commercial motion picture exhibition was given in New York City in 1894, using Thomas Edison's Kinetoscope."
Food,"The concept of afternoon tea was introduced in England by Anna, the seventh Duchess of Bedford, in the year 1840, as a way to quell the hunger between lunch and dinner."
Art,"The oldest known figurative art is the 'Lion-Man' sculpture found in Germany, estimated to be 40,000 years old."
Economics,"The 'invisible hand', a term coined by Adam Smith, describes the unintended social benefits of an individual's self-interested actions."
Physics,"The theory of relativity proposed by Albert Einstein revolutionized our understanding of space, time, and gravity."
Chemistry,"Aluminum was once considered more precious than gold or silver. The tip of the Washington Monument was capped with it in 1884 to highlight its value."
Medical,"The first successful blood transfusion was performed in 1665 between two dogs by Richard Lower."
Environmental,"The Amazon Rainforest has been described as the 'Lungs of our Planet' because it provides the essential environmental world service of continuously recycling carbon dioxide into oxygen."
Psychology,"The 'Pygmalion effect' is the phenomenon whereby higher expectations lead to an increase in performance."
Linguistics,"The Rosetta Stone was crucial in deciphering Egyptian hieroglyphs, with inscriptions in Greek, Egyptian hieroglyphs, and Demotic."
Astronomy,"The largest known star, UY Scuti, is so large that if it were placed in the center of our solar system, it would extend beyond the orbit of Jupiter."
Entertainment,"The longest-running prime-time animated TV series is 'The Simpsons', which first aired in December 1989."
Political Science,"Machiavelli's 'The Prince', written in the 16th century, is one of the most influential works in political philosophy and realpolitik."
Sociology,"The Stanford prison experiment, conducted in 1971, aimed to investigate the psychological effects of perceived power, focusing on the struggle between prisoners and prison officers."
Philosophy,"The 'Allegory of the Cave' by Plato describes prisoners chained in a cave, facing a blank wall, seeing shadows projected on the wall from objects passing in front of a fire behind them, and how one prisoner who sees the outside world is not believed upon his return."
Fashion,"The first known fashion designer, who was also the first to sew his label into garments he created, was Charles Frederick Worth in the 19th century."
Architecture,"The Burj Khalifa in Dubai, standing at 828 meters (2,717 feet), is the tallest man-made structure in the world."
Travel,"Bhutan measures its progress and development by Gross National Happiness rather than Gross Domestic Product."
Gaming,"The first home video game console, the Magnavox Odyssey, was released in 1972 and used a light gun for shooting games."
Science,"Quantum tunneling allows particles to pass through barriers that would be insurmountable according to classical physics."
Space,"The Great Red Spot on Jupiter is a storm that has been raging for at least 400 years, and it's so large that three Earths could fit inside it."
History,"The oldest known prosthetic device is the Greville Chester toe, made from wood and leather, found on a mummy in Egypt and dating back to over 3,000 years ago."
Biology,"Peacock tail feathers are not pigmented but get their vibrant colors from microscopic structures that refract light."
Technology,"The concept of the internet was first theorized by J.C.R. Licklider in 1962 with his idea of an 'Intergalactic Network' of computers."
Geography,"Mount Everest's height is officially recognized as 8,848 meters, but new measurements suggest it may be taller due to shifting tectonic plates."
Mathematics,"'Hilbert's problems' are a set of 23 unsolved problems presented by German mathematician David Hilbert in 1900, which have influenced mathematical research for over a century."
Literature,"'The Tale of Genji', written in the early 11th century by Murasaki Shikibu, is often considered the world's first novel."
Sports,"The original Olympic Games, held in ancient Olympia, included events such as a footrace, pentathlon, boxing, and chariot racing."
Music,"The world's oldest known musical instruments are flutes made from bird bones and mammoth ivory, found in a cave in Germany and dated to about 40,000 years ago."
Animals,"The pistol shrimp can snap its claw shut so rapidly, it creates a bubble that reaches temperatures close to that of the sun and produces a loud popping sound."
Cinema,"'Metropolis' (1927) by Fritz Lang is considered the first feature-length science fiction film."
Food,"The world's most expensive coffee, Kopi Luwak, is made from beans that have been eaten and excreted by a civet."
Art,"The first known use of perspective in art was by the ancient Greeks in their fresco paintings, as early as 500 B.C."
Economics,"Hyperinflation in Hungary in 1946 reached such extreme levels that prices doubled every 15.6 hours."
Physics,"The principle of superposition in quantum mechanics suggests that particles can exist in multiple states at the same time until observed."
Chemistry,"The rarest naturally occurring element on Earth is astatine, with less than 1 gram present in the Earth's crust at any given time."
Medical,"The first vaccine was developed by Edward Jenner in 1796 as a means of preventing smallpox."
Environmental,"More than half of the breathable oxygen in the world comes from marine plants, primarily phytoplankton."
Psychology,"The 'Barnum effect' explains why people believe vague, general personality descriptions to be highly accurate for them specifically."
Linguistics,"The constructed international auxiliary language Esperanto was created in the late 19th century to foster harmony between people from different countries."
Astronomy,"A day on Venus is longer than a year on Venus due to its slow rotation speed."
Entertainment,"The first Emmy Awards were held in 1949, with the first award going to Shirley Dinsdale and her puppet Judy Splinters for Most Outstanding Television Personality."
Political Science,"The concept of 'social contract' theory, proposed by philosophers such as Thomas Hobbes, John Locke, and Jean-Jacques Rousseau, suggests that people live together in society in accordance with an agreement that establishes moral and political rules of behavior."
Sociology,"The 'Looking-glass self' is a social psychological concept, introduced by Charles Horton Cooley in 1902, that suggests people shape their self-concepts based on their understanding of how others perceive them."
Philosophy,"Existentialism, a philosophy focusing on individual freedom, choice, and existence, became prominent in the 20th century through the works of Jean-Paul Sartre, Albert Camus, and Friedrich Nietzsche."
Fashion,"The first fashion show is believed to have taken place in Paris in 1858 by English designer Charles Frederick Worth, who is also considered the father of haute couture."
Architecture,"The ziggurat of Ur, built in the 21st century BCE in ancient Mesopotamia, is one of the earliest examples of monumental architecture."
Travel,"The concept of time travel, while a popular theme in science fiction, remains speculative, with theoretical underpinnings in the principles of special and general relativity."
Gaming,"'Tetris', created by Russian software engineer Alexey Pajitnov in 1984, was the first video game to be exported from the USSR to the US, where it gained immense popularity."
Science,"The Mpemba effect is a process where hot water can freeze faster than cold water under certain conditions, though the exact reasons are still debated."
Space,"Enceladus, one of Saturn's moons, ejects plumes of salt water that suggest it has an ocean beneath its icy surface, potentially habitable for microbial life."
History,"During the 19th century, aluminum was more valuable than gold due to its rarity and difficulty in extraction, which was reflected in it being chosen for the cap of the Washington Monument."
Biology,"Some species of worms, like planarians, possess the ability to regenerate their entire bodies from a single segment."
Technology,"The first electronic digital computer, ENIAC (Electronic Numerical Integrator and Computer), announced in 1946, weighed more than 30 tons and used 18,000 vacuum tubes."
Geography,"The Dead Sea is one of the saltiest bodies of water in the world, allowing people to float due to its high buoyancy."
Mathematics,"Kurt Gödel's incompleteness theorems, published in 1931, demonstrate the inherent limitations in every non-trivial axiomatic system, implying that no such system can be both consistent and complete."
Literature,"The Epic of Gilgamesh, an epic poem from ancient Mesopotamia, is among the earliest known works of literary fiction, dating back to approximately 2100 BC."
Sports,"Billiards was originally a lawn game similar to croquet, played sometime during the 15th century in Northern Europe."
Music,"The theremin, invented in 1920 by Léon Theremin, is one of the first electronic musical instruments and is unique in that it is played without physical contact."
Animals,"The peregrine falcon is the fastest bird, capable of reaching speeds over 240 mph (386 km/h) during its hunting dive."
Cinema,"'The Jazz Singer', released in 1927, was the first feature-length motion picture with synchronized dialogue sequences, heralding the commercial ascendance of the 'talkies' and the decline of the silent film era."
Food,"The tradition of fermenting tea into pu-erh tea dates back thousands of years in China, making it one of the oldest forms of tea processing."
Art,"The Lascaux Caves in southwestern France contain some of the most famous prehistoric cave paintings, estimated to be over 17,000 years old."
Economics,"The Dutch Tulip Mania of the early 17th century is one of the most famous examples of financial bubbles, where prices for tulip bulbs reached extraordinarily high levels and then dramatically collapsed."
Physics,"The Higgs boson, a particle that helps give mass to all elementary particles, was theoretically predicted in 1964 and experimentally confirmed by scientists at CERN in 2012."
Chemistry,"Graphene, a single layer of carbon atoms arranged in a two-dimensional honeycomb lattice, is one of the strongest materials tested, conducting heat and electricity efficiently."
Medical,"Alexander Fleming discovered penicillin, the first true antibiotic, in 1928, which has since saved countless lives from bacterial infections."
Environmental,"Plastic waste can take up to 1,000 years to decompose in landfills, highlighting the importance of recycling and reducing plastic usage to protect the environment."
Psychology,"The 'Halo effect' is a cognitive bias where an individual's overall impression of a person, company, brand, or product influences their feelings and thoughts about that entity's character or properties."
Linguistics,"The constructed language Esperanto, created in 1887 by L. L. Zamenhof, was designed to be a universal second language to foster peace and international understanding."
Astronomy,"The Pillars of Creation, located in the Eagle Nebula, are large columns of interstellar gas and dust that are home to newly forming stars."
Entertainment,"The Guinness World Record for the longest TV marathon by a team is 94 hours, achieved by a group watching 'The Simpsons' in 2016."
Political Science,"The 'Iron Law of Oligarchy' suggests that all forms of organization, regardless of how democratic or autocratic they might be at the start, will eventually and inevitably develop oligarchic tendencies."
Sociology,"'Broken windows theory' posits that visible signs of crime, anti-social behavior, and civil disorder create an urban environment that encourages further crime and disorder."
Philosophy,"The 'Ship of Theseus' paradox explores the notions of identity and change, questioning whether an object that has had all of its components replaced remains fundamentally the same object."
Fashion,"The modern zipper was improved and made practical by Gideon Sundback in the early 20th century, revolutionizing clothing design and functionality."
Architecture,"The Sydney Opera House, designed by Jørn Utzon and opened in 1973, is one of the 20th century's most famous and distinctive buildings."
Travel,"The Trans-Siberian Railway, spanning over 9,289 kilometers from Moscow to Vladivostok, is the longest railway line in the world."
Gaming,"The game 'Pong', released in 1972 by Atari, was one of the first video games to reach mainstream popularity."
Science,"The placebo effect demonstrates that the mind can have a powerful effect on the body, improving symptoms or condition without any specific treatment."
Space,"The Hubble Space Telescope, launched in 1990, has provided some of the most detailed images of distant galaxies, contributing significantly to astrophysics."
History,"The Library of Alexandria, one of the largest and most significant libraries of the ancient world, was famous for having thousands of scrolls and works from different cultures and times."
Biology,"Bioluminescence, the production and emission of light by living organisms, is found in several creatures including fireflies, jellyfish, and some fungi."
Technology,"The first practical mechanical computer was the Analytical Engine, conceived by Charles Babbage in the 1830s, although it was never completed in his lifetime."
Geography,"The Pacific Ocean is the largest ocean on Earth, covering more than 30% of the planet's surface."
Mathematics,"'P versus NP' problem is one of the seven Millennium Prize Problems established by the Clay Mathematics Institute, which are unsolved problems in mathematics."
Literature,"The first known detective story was 'The Murders in the Rue Morgue' by Edgar Allan Poe, published in 1841."
Sports,"Jesse Owens, an African-American athlete, won four gold medals at the 1936 Berlin Olympics, challenging the Nazi ideology of racial supremacy."
Music,"The oldest known melody, 'Hurrian Hymn No. 6', dates back to approximately 1400 B.C. and was discovered in Ugarit (now modern-day Syria)."
Animals,"The cheetah is not only the fastest land animal, reaching speeds up to 75 mph, but also has an extraordinary acceleration capability."
Cinema,"The first Academy Awards, held in 1929, had tickets that cost $5 and the ceremony lasted 15 minutes."
Food,"Chocolate was consumed as a liquid, not a solid, by the ancient Maya and Aztec peoples."
Art,"The Mona Lisa, painted by Leonardo da Vinci in the 16th century, is arguably the most famous piece of art in the world, known for her enigmatic smile."
Economics,"'The Great Depression', beginning in 1929, was the worst economic downturn in the industrialized world, lasting about a decade."
Physics,"The discovery of the cosmic microwave background radiation in 1965 provided strong evidence for the Big Bang theory."
Chemistry,"The discovery of fullerenes, a new form of carbon molecule, in 1985 led to the awarding of the Nobel Prize in Chemistry in 1996."
Medical,"The first human heart transplant was performed by Dr. Christiaan Barnard in Cape Town, South Africa, in 1967."
Environmental,"The ozone layer hole, primarily caused by man-made chemicals, was first discovered in the 1980s, leading to the Montreal Protocol in 1987 to reduce harmful emissions."
Psychology,"Mirror therapy is used to help amputees and people with phantom limb pain, suggesting that visual feedback can trick the brain into experiencing relief from pain."
Linguistics,"The 'Sapir-Whorf Hypothesis' proposes that the structure of a language affects its speakers' worldview or cognition."
Astronomy,"'Dark matter' and 'dark energy' are theoretical constructs that together comprise over 95% of the universe, yet they are invisible and undetectable directly."
Entertainment,"The longest-running play in history is 'The Mousetrap' by Agatha Christie, which opened in London in 1952 and has been running continuously since then."
Political Science,"The concept of 'nation-state' emerged in the treaty of Westphalia in 1648, marking the beginning of the modern international system of sovereign states."
Sociology,"The 'global village' concept, popularized by Marshall McLuhan in the 1960s, describes how the world has been contracted into a village by electronic technology, enabling instant communication."
Philosophy,"'Cogito, ergo sum' ('I think, therefore I am') is a foundational element of Western philosophy, introduced by René Descartes to demonstrate the indubitable existence of the self."
Fashion,"The 'New Look' silhouette, characterized by a cinched waist and full skirt, was introduced by Christian Dior in 1947, revolutionizing post-war women's fashion."
Architecture,"The Guggenheim Museum in Bilbao, Spain, designed by Frank Gehry and opened in 1997, is considered one of the most important pieces of contemporary architecture."
Travel,"The concept of the 'Seven Wonders of the World' originates from ancient Greek historians, who cataloged the most remarkable creations of classical antiquity."
Gaming,"'Super Mario Bros.', released in 1985 for the Nintendo Entertainment System, became one of the best-selling video games of all time, significantly impacting the video game industry."
Science,"The coelacanth, a fish thought to have been extinct for 65 million years, was discovered alive off the coast of South Africa in 1938."
Space,"Neptune's moon Triton is one of the few moons in the solar system that orbits its planet in the opposite direction of the planet's rotation, a retrograde orbit."
History,"The first known compass was used by the Chinese during the Han dynasty between the 2nd century BCE and 1st century CE for navigation and geomancy."
Biology,"The honey fungus, measuring 2.4 miles (3.8 km) across in Oregon's Blue Mountains, is the largest living organism on Earth."
Technology,"The first message ever sent over the ARPANET, the precursor to the internet, on October 29, 1969, was 'LO', meant to be 'LOGIN' but the system crashed after the first two letters."
Geography,"Mount Thor on Baffin Island, Canada, has the world's greatest purely vertical drop at 1,250 meters (4,101 feet), making it a challenge for even the most experienced climbers."
Mathematics,"Eratosthenes of Cyrene, a Greek mathematician, accurately calculated the Earth's circumference in the 3rd century BCE using the angles of shadows in different cities."
Literature,"The Gutenberg Bible, printed in the 1450s, was the first major book printed using mass-produced movable metal type in Europe, marking the start of the Gutenberg Revolution."
Sports,"The modern game of soccer (football) began in 1863 in England, when rugby football and association football branched off on their different courses."
Music,"The oldest known musical instruments, flutes made from bird bone and mammoth ivory, have been found in the Swabian Jura region of present-day Germany and are dated to between 42,000 and 43,000 years old."
Animals,"Turritopsis dohrnii, also known as the 'immortal jellyfish', is capable of reverting back to its polyp stage after reaching maturity, essentially making it capable of living indefinitely."
Cinema,"'Snow White and the Seven Dwarfs', released in 1937 by Walt Disney, was the first full-length animated feature film and the first one made in Technicolor."
Food,"Sushi's origins trace back to the rice fields of Asia, where fish was fermented with salt and rice, after which the rice was discarded, and the fish was eaten."
Art,"The 'Ishtar Gate', part of the walls of Babylon, now in modern Iraq, was constructed in about 575 BCE and is considered one of the original Seven Wonders of the Ancient World."
Economics,"The 'Laffer Curve', named after economist Arthur Laffer, suggests there's an optimal tax rate that maximizes revenue without discouraging productivity."
Physics,"The concept of 'Schrodinger's Cat', a thought experiment, illustrates the quantum principle of superposition, where a system can exist in multiple states at once until observed."
Chemistry,"Marie Curie was the first woman to win a Nobel Prize and remains the only person to win a Nobel in two different sciences (Physics and Chemistry)."
Medical,"The discovery of insulin in 1921 by Frederick Banting and Charles Best is considered one of the most important milestones in the history of medicine, transforming diabetes from a fatal disease to a manageable condition."
Environmental,"The Great Barrier Reef, off the coast of Queensland in northeastern Australia, is the largest living structure on the planet and can be seen from space."
Psychology,"The 'Stanford Prison Experiment', conducted in 1971 by psychologist Philip Zimbardo, intended to investigate the psychological effects of perceived power, focusing on the struggle between prisoners and prison guards."
Linguistics,"The 'Sapir-Whorf Hypothesis' posits that the structure of a language affects its speakers' thought processes and worldview."
Astronomy,"In 2006, Pluto was reclassified from a planet to a 'dwarf planet' by the International Astronomical Union."
Entertainment,"'Doctor Who', first broadcast in 1963, holds the Guinness World Record for the longest-running science fiction television show."
Political Science,"Magna Carta, signed in 1215, is considered one of the first steps towards parliamentary democracy in England."
Sociology,"'The McDonaldization of Society', a concept introduced by sociologist George Ritzer, describes the process by which the principles of the fast-food restaurant are coming to dominate more sectors of our society."
Philosophy,"The Allegory of the Cave, presented by Plato in 'The Republic', is a dialogue concerning human perception and the distinction between the world of appearances and the 'real' world of the Forms."
Fashion,"The miniskirt, widely associated with the 1960s fashion revolution, was credited to fashion designer Mary Quant, who named it after her favorite make of car, the Mini."
Architecture,"The Eiffel Tower, completed in 1889 for the Paris Exposition, was initially criticized by some of France's leading artists and intellectuals for its design."
Travel,"The concept of a round-the-world cruise first materialized in 1922, with the Cunard Line's Laconia completing the first continuous circumnavigation of the globe by a passenger liner."
Gaming,"'Space Invaders', released in 1978, is credited with popularizing the concept of high scores, leading to the competitive nature of arcade gaming."












